,question,answer
0,建議市府新設機車考照練習場,"新設機車考照練習場係屬新竹市監理站權責，經本府詢問過該站，目前依交通部機車駕訓政策，並無新設機車考照練習場地之計畫。
另為推廣機車駕訓制度，讓新手機車駕駛能透過駕訓班的訓練課程，習得較完整的騎乘技能與安全觀念，提升考照後上路的行車安全，即日起至今(112)年11月30日止，在期間內參加機車駕訓並考取駕照的民眾，補助每人訓練費1,300元，新竹市地區名額共計568名。（新竹市目前有新竹客運駕訓班及東亞駕訓班）。"
1,「桃竹竹苗生活圈通勤定期票」 問答集,「桃竹竹苗生活圈通勤定期票」所有相關問題，請詳附件問答集。
2,一般問題 - YouBike客服中心服務時間,"YouBike服務中心：位於新竹市東區西大路107號，服務時間：週三至週日 10:00－19:00 休息時間：12:00－13:00，視現場狀況微調時間。
YouBike電話客服：撥打YouBike客服專線03-659-0826或03-659-0022(付費)，如遇忙線中或於非服務時段來電，可於語音留言系統中留下您的姓名及電話，服務人員將儘快為您服務。"
3,申辦問題 - YouBike的使用方式,YouBike租車方式分為會員與單次租車，消費者可以使用電子票證及手機門號，透過官方網站、官方APP及服務中心加入會員。 單次租車可選擇信用卡(VISA，MASTER，JCB)付費，詳情請參照官網。
4,申辦問題 - YouBike的會員有何好處呢?,會員只需透過手機門號加上電子票證進行一次註冊，即享有長期使用的權利，且一組手機門號可以登記五張票卡，更加方便。另外，還能不定時收到YouBike的好康優惠，另享有公共自行車傷害險，使用者須先完成註冊。
5,申辦問題 - 註冊時一直收不到簡訊驗證碼,請先確認您的手機號碼是否輸入正確，以及是否有設定阻擋垃圾簡訊之功能，若等待超過五分鐘仍未收到簡訊，請您先將畫面停留，撥打YouBike客服專線03-659-0022(付費)，由客服人員協助處理。
6,費率及收費問題 - 交易異常的處理方式,"一、如遇不正確扣款情形，請撥YouBike客服專線03-659-0022(付費)，由服務人員協助處理。本作業依據 「新竹市公共自行車租賃系統YouBike服務條款」(以下簡稱服務條款)之相關辦法訂定之。
二、本作業所稱「退款」係指因營運系統、設備異常所產生之誤扣款，或因使用者車輛歸還不確實而造成之爭議扣款。
三、本作業所稱之YouBike服務中心，係指營運單位為提供客服服務工作所設置之服務據點，服務據點請參閱網站公告。如有異動， 以微笑單車官方網站公告內容為準。
四、使用者請親自前往YouBike服務中心進行退款作業，並配合營運單位填寫相關收款憑證，退款係以現金方式退還使用者。如有未盡周全之處，則由營運單位視情況調整並執行。"
7,申辦問題 - 單次租車的付費方式,"1. 單次租車僅限「信用卡」付款，使用費率依借車場站所在地區計算(立即前往查詢各地區費率)，可於信用卡帳單查詢每次租車交易資料。
2. 單次租車 ( 非會員 ) 不適用騎乘補助及公共自行車傷害險。
3. 使用信用卡授權單次租車，每次授權為 120 小時，超過 120 小時須重新授權。
4. 單次租車使用須預扣授權金：YouBike 1.0為新台幣 2,000 元，YouBike 2.0/2.0E為新台幣 3,000 元。如正常租用及返還車輛，授權到期後系統將自動取消本次授權，並返還授權額度，返還時間依各家信用卡銀行工作天數為準。
5. 或撥打YouBike客服專線03-659-0022(付費)，請服務人員協助處理。"
8,公共自行車損壞或遺失問題 - 若電子票證遺失，應如何處理?,請撥打YouBike客服專線03-659-0022(付費)，請服務人員協助處理。
9,常見問題詢問彙整 - 若還車後發現東西遺忘在車籃中，該如何處理?,"一、消費者於微笑單車車輛、場站內拾得遺失物，可送交警方或微笑單車任一服務中心，由服務人員點驗處理並定時於官網公告以供查詢。
二、消費者遺失物品時，可親臨、電洽、傳送電子郵件或於官網失物招領查詢。確認遺失物後，可至指定服務中心領回物品。
三、有任何相關問題可洽YouBike客服專線03-659-0022(付費)。"
10,費率及收費問題 - 註冊票卡為0元(含)以下問題,如註冊之電子票證餘額為0元或負值，感應借車時，面板將呈現異常代碼4號，無法借車。請至便利商店加值，使卡片餘額為正數即可使用。若有相關問題可撥打YouBike客服專線03-659-0022(付費)。
11,不同縣市需要重新註冊YouBike會員嗎？,YouBike會員全台相通，不同縣市不需重新註冊，即可直接租借。
12,若發現租用的YouBike車輛遺失了，該如何處理?,"(1)請您立即撥打YouBike客服專線03-659-0022(付費)，由服務人員為您服務。並依「新竹市公共自行車租賃系統YouBike服務條款」 4.使用服務及騎乘注意事項之規定管理之。
(2)公共自行車借出後，使用者應負保管之責。若使用者未妥善保管而致車輛遺失，應由使用者主動向警察單位報案；未報案時，營運單位將依照法律程序處理。
(3)使用者報案後，如於三個月後仍無法尋獲車輛，應依照服務條款賠付微笑單車股份有限公司。如嗣後車輛尋回並歸還予微笑單車股份有限公司者，微笑單車股份有限公司將以會員已賠償之金額為限、扣除車輛必要之維護檢修費用後，無息返還會員剩餘金額。"
13,借還車交易產生的異常扣款，該如何處理?,請您立即撥打YouBike客服專線03-659-0022(付費)，請服務人員協助處理。
14,若騎乘的車輛故障了，該如何處理?,請您將車輛攜至臨近場站歸還，並協助將椅墊反轉180度，以方便維修人員後續取回維修，也請您撥打YouBike客服專線03-659-0022(付費)告知車輛編號，謝謝。
15,如果YouBike站點無車可借，怎麼辦？,可透過官方網站及YouBike 2.0 APP查詢附近YouBike站點可借車輛數與可停空位數量，或撥打各縣市客服電話(一般付費，新竹市請撥03-659-0022)
16,使用YouBike 2.0E電輔車需要重新註冊會員嗎？,既有會員不需重新註冊，微笑單車會員票卡可直接租借YouBike 2.0 E電輔車 。
17,YouBike 2.0E電輔車服務地區？,YouBike 2.0E電輔車服務地區：新竹縣、新竹市(含新竹科學園區)、苗栗縣、臺中市、嘉義市、臺南市、高雄市、屏東縣。
18,如果YouBike 2.0站點無位可還，怎麼辦？,建議您可在原站等候空位，或是騎乘至鄰近站點還車，或透過官方網站及YouBike 2.0 APP即可查詢附近其它YouBike 2.0站點可停空位數量。
19,騎乘YouBike是否享有保險？,騎乘YouBike享有公共自行車傷害險，使用者須先完成微笑單車會員註冊(可透過微笑單車官網、APP註冊)，加入保險資料程序後，開始享有傷害險保障。 卡片實際使用者與登記被保險人須為同一人，方符合理賠資格，若不相符保險公司將不受理理賠，請您務必填寫完整的保險資料以保障自身權益；如您沒有填寫則無保險保障。
20,不小心騎車跌倒發生事故，怎麼辦？,若騎乘時發生意外，請撥打各縣市客服電話(一般付費，新竹市請撥03-659-0022)通報，並視當下情況判定是否需要請警方協助。後續微笑單車人員會協助釐清狀況，若車輛損壞嚴重需賠償，後續會再聯繫租用者。
21,如何查詢YouBike 2.0E電輔車與電量？,在官方網站及YouBike 2.0 APP站點地圖中，當站點左上方出現閃電符號，即代表該場站有YouBike 2.0E電輔車車輛，找到2.0E電輔車車輛後，點選場站資訊欄位的電量按鈕，會顯示該場站上可借的2.0E電輔車車號與電量。
22,YouBike 2.0E電輔車需還車在YouBike 2.0停車柱嗎？,YouBike 2.0E電輔車為2.0系統，請停2.0停車柱。2.0停車柱可停一台YouBike 2.0或2.0E電輔車。
23,YouBike 2.0適用的支付工具種類 (含電子票證、信用卡及電子支付),1. 電子票證：悠遊卡及一卡通。2. 信用卡。3. 電子支付：悠遊付及LINE Pay。
24,為何電子票證遭鎖卡，是否會影響其他服務使用(如：搭乘捷運或公車)？,若有車輛未歸還、交易異常、卡片遺失、欠費或其他因素，經確認後將列為停用名單，並進行鎖卡。卡片鎖卡後，除無法使用「YouBike微笑單車」，不影響該卡片其他功能。另卡片遺失、毀損，建議會員應自行向各功能權責單位辦理掛失作業，以確保自身權益。
25,如何查詢YouBike站點的車輛或車位數量？,"可透過下列管道查詢YouBike站點可借車輛數與可停空位數量：
1. YouBike官方網站的「站點資訊」，網址https://www.youbike.com.tw/region/main/stations/
2. App Store或Google Play下載YouBike官方APP，可查詢所在地點的「站點地圖」
3. 加入YouBike LINE官方帳號，官方帳號：https://lin.ee/3ukmDPPRT"
26,民眾在本市路邊收費停車格停車忘記繳費如何繳費,"1.可至本府交通處全球資訊網（http://hispark.hccg.gov.tw）繳費期限或催繳期限內可至網站列印繳費條碼至超商繳費。
2.至網站登錄E-mail，於繳費期限前兩天主動通知未繳停車費訊息，方便民眾繳費。
3.本府辦理兩次催繳，第一次以平信寄至通信住居所地址，若未設定通信住居所地址則以車籍地址寄送。第二次以雙掛號寄至通信住居所地址，若未設定通信住居所地址則以戶籍地址寄送，並加收工本費50元，完成催繳行政程序，民眾收到至超商繳納停車費。
4.本府交通處停車管理科辦公室(新竹市府後街45號)開放單一窗口繳納停車費，週一至週五每日上午八時至晚上五時止。催繳停車費後逾期仍未繳，即移轉罰鍰處分，並追繳停車費，敬請台端能早日結案。"
27,停車管理-若地址遷移無法收到催繳通知單該怎麼辦？ ,現行違規通知單寄送係依據車主或駕駛人向車駕籍所在地監理機關登錄於公路監理系統之住居所或就業處所地址優先寄送，倘有異動請逕向監理單位辦理地址變更。
28,堆高機是否可行駛於道路上?臨時通行證如何申請?,依道路交通安全規則第83條之1第1項第1款規定，動力機械向公路監理機關申請登記領用牌證係以裝有輪胎且方向盤在左側及確實無法使用車輛載運者為限，故可用車輛載運及方向盤在中央之堆高機等類似機械，依規定並無法領用牌證及臨時通行證，自始當不得行駛於道路。
29,交通號誌-行車倒數計時器」為何只採紅燈倒數，而不採綠燈倒數？,本市不採行綠燈倒數號誌之方式進行倒數之主要原因為擔心駕駛者因瞭解所剩餘綠燈時間不多時，反而加速通過，造成搶燈問題影響行車安全。
30,交通號誌-本市轄內「行車倒數計時號誌」為何只採紅燈倒數，而不採綠燈倒數？,本市不採行綠燈倒數號誌之方式進行倒數之主要原因為擔心駕駛者因瞭解所剩餘綠燈時間不多時，反而加速通過，造成搶燈問題影響行車安全。
31,停車管理-路外停車場月租停車繳費便民措施。,民眾辦理路外停車場月租停車，第一次需至本府交通處停車管理科辦公室辦理，繳交申請所需文件：行照、戶口名簿、身分證等影本，以供審查，第二次起每月20日～30(或31日)在各停車場管理室繳交次月月租停車費用，方便民眾繳費便民措施。
32,請問新竹市哪裡可以飛無人機?,"相對地面或水面高度400呎（約120公尺）以下，在非屬公告禁止或限制之區域（紅區），符合操作限制規定條件下，任何人均可飛行。
109.3.31起詳細公告資料都會放置於新竹市政府首頁>公告資訊>訊息公告>一般公告。
禁止或限制之圖資請至交通部民用航空局遙控無人機管理資訊系統(https://drone.caa.gov.tw)查詢。"
33,申辦無人機所有業務及查詢。,"舉凡註冊、檢驗、申請操作證考試、禁止空域查詢、排除操作限制能力審查及申請飛行禁止空域、飛航安全通報均可至交通部民用航空局遙控無人機管理資訊系統(https://drone.caa.gov.tw)進行作業，以簡化相關行政作業程序。
系統操作問題在網頁上都有客服電話提供諮詢服務（0809086507、02-77352807)。"
34,民眾通報檢舉無人機違規或有關無人機飛航區規劃建議事項。,"依據行政程序法第173條規定，人民陳情無具體之內容或未具真實姓名或住址者，得不予處理。
反映案件應提供真實姓名及聯絡方式(電話、地址或電子郵件)，如冒用他人資料或提供不實資料而引發之法律責任，當事人應負全責。
涉及民事、刑事項目，請改撥110報案中心直接服務。
因應網路時代之便利性及推廣電子化政府，以節省資源並提升為民服務之效率，本府「民意信箱」可讓民眾透過網站(網址為https://1999.hccg.gov.tw)反映市政問題，相較電話立案因複誦案件內容及回撥確認個資等流程更能節省民眾寶貴時間，歡迎民眾多加利用。
無人機違規飛行案件，比照本市交通違規檢舉案件作業流程方式辦理：                                 (1)檢舉人應檢具真實姓名、通訊地址、聯絡電話。(如有違規事實不明確時，需協助查證說明)。                                                                                                                                                   (2)所提供之影片或照片應有日期及時間顯示，並確保拍攝日期、時間正確無訛。                  (3)務請詳載違規行為發生之地點。"
35,無人機在公告禁止或限制之區域（紅區）可以申請飛行嗎?,"屬於公告禁止或限制之區域及欲排除操作限制規定，僅限政府機關(構)、學校或法人可申請，一般自然人（玩家）無法申請。
申請禁止或限制區域、飛航排除操作限制活動申請共分3階段，請至交通部民用航空局遙控無人機管理資訊系統(https://drone.caa.gov.tw)進行線上申請。"
36,YouBike是否提供團體租借服務?,為提供每位民眾公平租借YouBike的機會，因此YouBike不提供團體租借服務。
37,費率及收費問題 - 會員使用費率問題,會員使用費率為4小時内每30分鐘10元，4小時至8小時內每30分鐘20元，超過8小時以上每30分鐘40元。相關費率如有變動，以微笑單車官方網站公告之費率為準。
38,請問哪裡有國道客運可以搭車。,您若在市區、台鐵新竹站附近，則可於新竹轉運站(經由前後站地下道前往)搭乘新竹、豪泰、台中、三重、亞聯、國光、首都、阿羅哈等客運。若您是在光復路清大附近，則可至清大校門旁之光復路上國道客運停靠區搭車。
39,常見問題詢問彙整 - 我可以使用YouBike長途騎乘或是進行競技比賽嗎?,YouBike主要設置目的為短程接駁，故車輛設計著重於都市內道路使用，感謝您對YouBike的厚愛，但為了您自身安全，建議您切勿冒險嘗試山路或長程騎乘。
40,台灣票據交換所合作金融機構,台灣票據交換所合作之金融機構包括臺灣銀行、土地銀行、台新銀行、合作金庫銀行、第一銀行、各地農漁會、信用合作社等109家(詳附件)。
41,費率及收費問題 - 單次租車使用費率問題,"單次租車使用費率為騎乘2小時內每30分鐘10元；2小時至4小時內每30分鐘20元；逾4小時後，每30分鐘40元。(相關費率如有變動，以微笑單車官方網站公告之費率為準)。
註1：使用信用卡進行租車時，系統將會從其帳戶(信用卡為開卡銀行)進行交易預授權2000元，若消費者遵守本服務使用行為，授權期限(5天)到期後，系統將自動取消本次授權，並依據本次實際交易金額由各家銀行進行請款作業。消費者於當月信用卡帳單內將出現該次交易資料，如有任何問題，歡迎撥打YouBike客服專線(付費)洽詢。"
42,申辦問題 - 如何註冊YouBike會員,"您的電子票證須透過註冊程序，使電子票證具有會員資格，即可在各場站利用此電子票證租借自行車。
若您是使用單次租借，只需以信用卡至租賃站的Kiosk進行授權即可，詳情請參照官網。"
43,舉辦活動占用道路申請路權方式？,"一、依據「新竹市舉辦大型活動使用道路管理辦法」第3條規定本辦法適用於有封閉道路行為時申請活動佔用道路，未有封閉道路行為不適用本辦法規定。
二、另依道路交通安全規則第137及142條規定，如非上述封閉道路行為，屬一般集會或聚眾等需結隊成行通行行為，請向本市警察局申請許可核准。"
44,停車場登記證申請申請方式?,請參閱交通處網站並填寫相關表單(詳交通處網站http://dep-traffic.hccg.gov.tw/web/SelfPageSetup?pageID=23712&FP=41187)及檢附表單上文件 洽詢電話:5216121分機484
45,停車管理-自99年4月1日起實施推動之身心障礙者優惠停車3小時措施如何停車？ ,身心障礙優惠停車3小時，超過3小時需依使用者付費實施收費。另身心障礙專用停車識別證上無車號或辨識不清，本府開立停車繳費單，應於15日內至本府交通處停車管理科辦公室(新竹市府後街45號)，持三證(身心障礙手冊.駕駛執照.行車執照)及身障者於現場辦理核銷。上開優惠停車措施為同路段超過優惠時段即依停車場收費費率逕行收費。
46,停車管理-路邊停車格如何規劃？,道路主要功能係提供人、車通行為主，其路邊停車位之設置，乃係因應路外停車供給不足之權宜措施。故路邊停車位之規劃，需考量道路路況、寬度、服務水準、地區停車供需等交通特性及救災、救護公共安全因素等，於非屬禁止停車之路段，係依道路交通標誌標線號誌設置規則及本市巷弄道路停車管理自治條例規定設置。
47,停車管理-請問欲申請借用停車格施工時，應於多久前辦理申請？,施工單位應於施工日前十五日向本府交通處提出申請，經審查核准後，始得於核定之施工範圍內施工。有關借用停車格之停車費，將依該路段費率繳納停車費。
48,停車管理-請問民眾辦理婚喪喜慶，已向路權單位申請佔用道路，是否還要申請借用停車格?是否需要付費？,辦理婚喪喜慶時，如需佔用路邊停車格，亦需向本府交通處停車管理科申請借停車格，並依該路段費率繳納停車費。
49,停車管理-申請利用空地設置臨時路外停車場要檢附哪些證件？,"1.新竹市利用空地設置臨時路外停車場申請表。（申請表可於本府為民服務措施中下載）
2.土地權利證明文件。
3.土地使用分區證明文件。
4.建築線指示（定）圖。
5.地籍圖騰本（應將基地範圍標示）。
6.申請人身分證明文件（如為法人應檢附登記文件）。
7.停車場設置計畫書。"
50,納稅義務人對本局所為復查決定不服，應如何救濟？ ,"（一）納稅義務人對於復查決定之稅額或罰鍰金額仍有不服，應在收受該決定書之次日起30日內(以受理訴願機關實際「收受」訴願書之日期為準，而非「投郵日」)繕具訴願書向本局或新竹市政府提起訴願。
（二）舉例言之納稅義務人於112年1月31日收受復查決定書，如對該決定內容不服，應在收受該決定書之次日（2月1日）起算30日（3月2日）內提起訴願。"
51,稅捐稽徵-我對於核定的稅額或罰鍰不服，應於什麼時候申請復查?,"納稅義務人對於核定稅額或罰鍰如有不服而想要申請復查時，可以敘明復查理由，連同稅單及其他證明文件，按照核定通知書有無應納或應補稅額，分別在下列期限前辦理：
1. 核定稅額通知書所載有應納稅額或應補繳稅額者，應於繳款書送達後，於繳納期間屆滿之翌日起30日內，申請復查。
2. 核定稅額通知書所載無應納稅額或應補繳稅額者，應於核定稅額通知書送達之翌日起30日內，申請復查。
3. 納稅義務人為公同共有人者，應於核定稅額通知書或公告所載應納稅額或應補徵稅額繳納期間屆滿之翌日起30日內，申請復查。
4. 依稅捐稽徵法第19條第4項規定以公告代替核定稅額通知書之填具及送達者，應於公告之翌日起30日內，申請復查。
5. 復查之申請，以稅捐稽徵機關收受復查申請書之日期為準。但交由郵務機構寄發復查申請書者，以郵寄地郵戳所載日期為準。"
52,青青草原大型遊覽車應停放於何處?,青青草原礙於入口處迴車空間有限，爰請大客車停放於大坪頂停車場，造成不便尚請諒察，另將於特殊節日或辦理活動期間提供相關接駁作業。
53,村里民政-里長可否開立清寒證明?,"內政部106年函釋，村（里）長核發證明事項有5項(如下)，清寒證明非里長需核發證明事項。
1.擁有農機證明書
2.意識清楚之重大疾病患者或不能行走者證明
3.住屋災害證明
4.土地總登記登記名義人資格證明
5.實際從事漁業證明"
54,調解行政-請問如何聲請鄉鎮市(區)調解？,"1、聲請調解，由當事人以書面(應表明調解事由及爭議情形)向調解委員會提出，並按他造人數提出繕本。
2、如以言詞提出聲請者，由調解委員會製作筆錄。
3、得調解事件已經在第一審法院辯論終結者，不得聲請調解。
4、本市調解委員會均依行政區域分設在各區公所當中，有需要民眾請逕洽東區調解會5218231#206北區調解會5152525#212香山區調解會5307105#260"
55,村里民政- 如何取得行政區域圖?,本市行政區域圖為96年內政部統一編印之「國家各級行政區域圖工作計畫」，故所編印之雙語行政區域圖以提供各縣市內轄區政府機關、學校、圖書館、交通事業單位及旅遊管理單位使用為優先。故依上述規定無法提供市民索取。
56,調解行政-請問發生車禍找不到肇事者，該向誰提出理賠申請？,"一、車禍發生時，請求權人如果因為下列原因之一，沒辦法向保險人請求保險給付時，可以向財團法人汽車交通事故特別補償基金請求補償：
1、事故汽車無法查究(肇事逃逸)。
2、事故汽車為未保險汽車。
3、事故汽車係未經被保險人同意使用或管理之被保險汽車。(如失竊車)。
4、事故汽車為無須訂立強制車險契約之汽車。(如農用車、拼裝車等)。
二、詳細情形請逕洽財團法人汽車交通事故特別補償基金，電話：0800-565678，地址：台北市110信義路五段150巷2號18樓。"
57,村里民政-請問里長由誰來指揮監督?里長如果未能積極任事，有失職情形，該向哪個單位反映?,依地方制度法第59條之規定，村 (里) 長受鄉 (鎮、市、區)長之指揮監督，辦理村 (里) 公務及交辦事項。故如里長未能積極任事，有失職情形，請就具體事實向區公所反映。
58,村里民政-里長因長期罹患重病不能任事時，可以解除其職務嗎?,依地方制度法第80條規定，村（里）長因罹患重病，致不能執行職務繼續1年以上，或因故不執行職務連續達6個月以上者，由鄉 (鎮、市、區)公所解除其職務。
59,村里民政-里長有年終工作獎金、退職金嗎？。,"依據地方民意代表費用支給及村里長事務補助費補助條例第七條規定，里長由區公所編列里長事務補助費，每里每月新臺幣50,000元，前項事務補助費，係指文具費、郵電費、水電費及其他因公支出之費用。第8條規定，地方民意代表費用之支給及村里長事務補助費之補助項目及標準，依本條例之規定；本條例未規定者，不得編列預算支付。因此里長年終工作獎金、退職金依規定不得編列。"
60,調解行政-請問有那個單位可以免費幫忙打官司？,"1、財團法人法律扶助基金會針對經濟弱勢族群，而且案件有道理者，將請律師免費義務提供訴訟服務(包括打官司)，符合條件的人可向該會各分會提出申請。
2、新竹分會服務時間：週一至週五上午09:00~12:00；下午02:00~05:00
3、詳細情形請逕洽財團法人法律扶助基金會新竹分會，電話：525-9882，地址：新竹縣竹北市縣政二路105號"
61,村里民政-里長有否支領薪水?,依「地方制度法」第61條第3項之規定，村（里）長為無給職，由鄉（鎮、市、區）公所編列村（里）長事務補助費。其所支領之「村（里）長事務補助費」性質上為處理里事務之公款，與薪水不同，故里長並無支領薪水。
62,村里民政-里長任期?,依地方制度法第59條，里長由里民依法選舉之，任期4年，連選得連任，無任期限制。
63,村里民政-里長可以有職業或副業嗎?,里長為民選公職人員，非政府機關之公務員或民意代表，為無給職，故可以有職業或副業。
64,調解行政-請問新竹市免費法律諮詢的時間、聯絡電話？,"1.新竹市政府免費法律諮詢服務
預約電話: 03-5216121*232、234或394
電話預約時間：上班日每週一至週五上午8-12時，下午1-5時以電話或至民政處辦公室預約當週及下週任一服務場次，每場次限額10位，額滿為止。每人每週限預約一場次。本表排定律師僅供參考，實際服務律師仍依現場為主。
服務時間: 週一、週三、週五下午2:00-4:00。
服務地點: 本府一樓服務中心，新竹市中正路120號。
服務方式: 親自面談。不提供電話諮詢，不代寫訴狀。

2.法律扶助基金會新竹分會 諮詢地點：新竹市竹蓮街6號1樓(身心障礙福利服務中心)
服務時間: 週二、四下午2: 00-4: 00            
登記時間: 週二、四下午1: 00起每次接受民眾諮詢服務限12位。

3.三區區公所視訊諮詢服務

 (1)視訊法律諮詢服務服務申請方式:採現場抽號,由法律扶助基金會提供視訊服務    
服務地點及時間: 
東區區公所(民族路40號2樓),星期三下午2:00-4:30
北區區公所(國華街69號3樓),星期三下午2:00-4:30
香山區公所(育德街188號3樓),星期二下午2:00-4:30       

(2)訴訟程序視訊諮詢服務服務申請方式:採現場抽號或電話預約,由新竹地方法院訴訟輔導科提供視訊服務
服務時間:上班日上午9:00-11:30、下午2:00-4:30
地址及預約電話:
東區區公所(民族路40號2樓),03-5218231轉205、206
北區區公所(國華街69號3樓),03-5152525轉212
香山區公所(育德街188號3樓),03-5307105轉260、201"
65,調解行政-請問那類事件可以聲請鄉鎮市(區)調解？,"1、民事事件。
2、告訴乃論的刑事事件。所謂告訴乃論是指此類犯罪，非經有告訴人合法告訴，檢察官不得提起公訴，法官不能判罪，法律上均以「本章或第○條或○○之罪，須告訴乃論」明定之。
3、本市調解委員會均依行政區域分設在各區公所當中，有需要民眾請逕洽東區調解會5218231#206北區調解會5152525#212香山區調解會5307105#260"
66,村里民政-如何連絡各區里集會所(市民活動中心)管理單位?,"1、市民活動中心係由各區公所民政課管理。
2、東區區公所電話5218231轉207、北區區公所電話5152525轉 211、香山區公所電話5307105轉205。"
67,調解行政-請問新竹市各區調解委員會的辦公處所？,"1、新竹市各區調解委員會辦公處設於各該區公所。
2、東區調解委員會：地址：新竹市民族路40號。
電話：5218231轉206。
北區調解委員會：地址：新竹市國華街69號4樓。
電話：5152525轉212。
香山區調解委員：地址：新竹市育德街188號3樓。
電話：5307105轉260。"
68,本市有提供手語翻譯服務?,本市提供聽語障礙者或合併聽、語障之多重障礙者及其家屬、公共服務或事業單位、社會福利機關(構)團體之手語翻譯，服務內容以就醫、教育訓練、福利活動、警政、司法等不涉及私人商業利益公共事務為原則。服務申請以服務日前十個工作天，填具「申請表」並檢附相關文件提出申請。免付費專線：0800-365-330、LINE(諮詢)ID: hccg0800365330。
69,申請建物第一次測量之規費如何計收？,土地複丈費及建築改良物測量費收費標準
70,新竹市身心障礙者日間照顧及住宿式照顧費用補助對象及申請方式？,"一、補助對象

設籍並實際居住本市，或經本府轉介至其他縣市機構接受照顧服務之領有身心障礙證明，且符合下列各項規定者：
（一）最近一年居住國內超過一百八十三日者。
（二）家庭總收入符合補助標準者。
（三）未接受政府其他相同性質服務或補助者。

二、申請方式
（一）檢附應備文件逕向申請人戶籍所在地之里辦公處提出申請。
（二）本項補助每年複查一次。

三、更多資訊：身心障礙者日間照顧及住宿式照顧費用補助"
71,發現有攻擊他人或傷害自己及有危害公共危險之疑似精神科個案該怎麼辦？,請詳閱相關附件：新竹市社區(疑似)精神病人護送就醫流程pdf檔。
72,警政治安-本市績優治安社區如何遴選?作業情形？,"一、由社區向轄區分局申請營造補助（每年辦理申請一次），經市政府轉報內政部核准後，由本市「社區治安專業輔導團隊」進行輔導訪視。
二、由本市「社區治安聯合推動小組」評鑑委員，就當年度參加本市社區治安輔導訪視之社區，依據以下評鑑項目擇優報內政部複審：
（一）治安社區運作模式及願景規劃。
（二）治安社區之具體作法。
（三）治安社區宣導活動之整合度及執行力。
（四）治安社區之具體成果。
（五）其他特殊或具體創新作為。"
73,警政治安-因案通緝失蹤人要如何處理？,"受理失蹤人口報案時，如發現失蹤人為因案通緝，警察機關得告知事由並拒絕受理。
失蹤人口案件，經查明失蹤人為因案通緝者，應聯繫原報案人、家屬或親屬，告知撤尋原因及製作筆錄，並上載相關證明文件後，由戶籍地警察分局逕行辦理撤尋。"
74,身心障礙證明為什麼會有重新鑑定的日期？,後續鑑定日期係由醫生認定，如身心障礙證明載有後續鑑定日期，就表示醫生認為該身心障礙者之障礙狀況必須定期重新評估，如在所定日期後未重新鑑定或經重新鑑定不符合身心障礙條件，就不具有身心障礙資格
75,領取身心障礙者日間照顧及住宿式照顧費用還可不可領取身心障礙者生活補助費？,"(一)領取身心障礙者日間照顧及住宿式照顧費用（住宿式照顧機構）不得同時領取生活補助費，僅能擇一領取。
(二)領取身心障礙者日間照顧及住宿式照顧費用（日 間照顧機構）得同時領取生活補助費。"
76,提出性騷擾案件的申訴及再申訴的期限為多久？,"申訴期間為自事件發生後1年內，如超過申訴期間者，受申訴單位得不受理，並於20日內敘明理由通知當事人。
提出性騷擾案件的「再申訴」期限為多久？

      如受理申訴之機關、部隊、學校、機構或僱用人於2個月內（或經延期合計3個月）未完成調查報告，或對調查報告結果不服者，當事人得於期限屆滿或調查結果通知到達翌日起30日內向直轄市、縣（市）主管機關提出再申訴；如超過30日之再申訴期限者，主管機關得不予受理，並於20日內敘明理由通知當事人。"
77,如果被性騷擾了，應該到哪裡提出性騷擾案件的申訴？,"依性騷擾防治法的規定，機關、部隊、學校、機構或僱用人，不論組織成員或受僱人之人數多寡，都必須設有申訴窗口，因此如被性騷擾者，所申訴之單位分別為：

知道加害人所屬機關、部隊、學校、機構或僱用人：

你（妳）可以向申訴時加害人所屬機關、部隊、學校、機構、僱用人或直轄市、縣（市）主管機關提出申訴。但如果加害人為機關首長、部隊主管（官）、學校校長、機構之最高負責人或僱用人時，應向機關、部隊、學校、機構或僱用人所在地之直轄市、縣（市）主管機關提出。如果直接向直轄市、縣（市）主管機關提出申訴者，該主管機關於7日內將申訴案移送加害人所屬機關、部隊、學校、機構或僱用人調查；但加害人如是前述機關首長、部隊主管（官）、學校校長、機構之最高負責人或僱用人時，直轄市、縣（市）主管機關經受理後即應進行調查。


加害人身兼多職：

若加害人身分同時有多個所屬機關、部隊、學校、機構、僱用人（如學校老師兼職補習班），無論向任一個所屬單位提出申訴均可，但建議向對加害人約制最大、對被害人最有利之單位申訴。


加害人隱瞞或故意錯報其單位，以致你（妳）向非加害人所屬機關、部隊、學校、機構或僱用人提出申訴者：

非加害人所屬機關、部隊、學校、機構或僱用人接獲性騷擾之申訴時，仍應於7日內將申訴書及相關資料移送其所在地之直轄市、縣（市）主管機關。再由直轄市、縣（市）主管機關於7日內將所接獲上開資料移送加害人所屬機關、部隊、學校、機構或僱用人處理，並副知機關、部隊、學校、機構或僱用人所在地之直轄市、縣（市）主管機關。但如加害人不明或不知有無所屬機關、部隊、學校、機構或僱用人者，應移送事件發生地之警察機關處理，並副知警察機關所在地之直轄市、縣（市）主管機關。警察機關應於移送後7日內查明加害人身分。如查明加害人所屬機關、部隊、學校、機構或僱用人者，移請該所屬機關、部隊、學校、機構或僱用人續為調查，並副知該管直轄市、縣（市）主管機關及申訴人；如加害人不明或不知有無所屬機關、部隊、學校、機構或僱用人者，應即行調查。


不知道或不確定加害人所屬機關、部隊、學校、機構或僱用人：

可以直接向警察報案。警察機關依職權詳予紀錄，如知悉加害人所屬機 關、部隊、學校、機構或僱用人者，移請該所屬機關、部隊、學校、機構或僱用人續為調查，並副知該管直轄市、縣（市）主管機關及申訴人；如加害人不明或不知有無所屬機關、部隊、學校、機構或僱用人者，應即行調查。


直接向場所主人提出申訴者： 

因各機關、部隊、學校、機構或僱用人也負有場所主人的責任，因此也可以直接向事件發生所在地的機關、部隊、學校、機構或僱用人提出申訴。如該機關、部隊、學校、機構或僱用人非為加害人所屬單位時，該機關、部隊、學校、機構或僱用人仍應採取緊急處理，並應於7日內將申訴書及相關資料移送其所在地之直轄市、縣（市）主管機關。該主管機關應於7日內將所接獲的上開資料移送加害人所屬機關、部隊、學校、機構或僱用人處理，並副知機關、部隊、學校、機構或僱用人所在地之直轄市、縣（市）主管機關。但如加害人不明或不知有無所屬機關、部隊、學校、機構或僱用人者，應移送事件發生地之警察機關處理，並副知警察機關所在地之直轄市、縣（市）主管機關。"
78,什麼是「性騷擾」?,"很多人在談話時，喜歡故做親密，以手搭對方肩膀、拍打背部或拉拉小手，只要對他人實施違反其意願而與性或性別有關之行為，即使加害人辯稱碰觸受害人是表達關心，但只要讓對方感覺到被冒犯、不舒服，而不當影響對方正常生活之進行，就有可能構成性騷擾。由此可知，界定性騷擾的最重要因素是被害人的感覺與意願，因此同樣一種行為發生在不同人的身上，其結果也會有所不同。
        因此，違反他人意願而向他人實施與性或性別有關之行為，若造成對方的嫌惡與厭惡，不當影響其正常生活進行的，都算是「性騷擾」。例如：（一）以該他人順服或拒絕該行為，作為其獲得、喪失或減損與工作、教育、訓練、服務、計畫、活動有關權益之條件。（二）以展示或播送文字、圖畫、聲音、影像或其他物品之方式，或以歧視、侮辱之言行，或以他法，而有損害他人人格尊嚴，或造成使人心生畏怖、感受敵意或冒犯之情境，或不當影響其工作、教育、訓練、服務、計畫、活動或正常生活之進行。
        另外提醒的是，性別騷擾也算是性騷擾的態樣之一。所謂性別騷擾，係指帶有性別歧視或偏見的言論，特別侮辱、貶抑或敵視特定性別的言詞或態度，例如「男人婆」和「娘娘腔」等，類似這種言論或態度，如果讓對方覺得不舒服、被冒犯，也算是一種性騷擾。 在具體個案發生時，性騷擾的認定，應就個案審酌事件發生之背景、環境、當事人之關係、行為人之言詞、行為及相對人之認知等具體事實為之。"
79,[市民卡]市民卡遺失或故障補換領（掛失）程序為何？,"普通市民卡：如卡片遺失，須先打電話至悠遊卡客服專線：(02)412-8880或悠遊卡網站(https://www.easycard.com.tw/self_service)辦理掛失動作，悠遊卡公司會承擔自掛失完成３小時後之卡片餘額，再請逕至本市各區區公所(民政課)現場申請註銷重新製發。
員工識別證：如卡片遺失，先打電話至悠遊卡客服專線：(02)412-8880或悠遊卡網站(https://www.easycard.com.tw/self_service)辦理掛失動作，悠遊卡公司會承擔自掛失完成３小時後之卡片餘額，再請逕向所屬人事單位申請註銷重新製發。
敬老卡及愛心卡 ：如卡片遺失，先打電話至悠遊卡客服專線：(02)412-8880或悠遊卡網站(https://www.easycard.com.tw/self_service)進行掛失動作，悠遊卡公司會承擔自掛失完成3小時後之卡片餘額，再請逕向三區區公所(社政課)申請註銷重新製發。

如係卡片故障重製，請先依上述步驟辦理重製卡完成後，逕向悠遊卡客服專線(02)412-8880洽詢退費事宜或至悠遊卡網站(https://masweb.easycard.com.tw/ttECWeb/)線上辦理退卡退費。"
80,[市民卡]外籍配偶(新住民)是否可申請「市民卡」？,依「新竹市市民卡管理辦法」第九條規定設籍本市之市民，得檢附相關身分證明文件及照片，向戶籍地之區公所核發市民卡，如外籍配偶已領取本國國民身分證且設籍於本市，則符合申請資格。
81,[市民卡]普通市民卡、敬老卡、愛心卡及本府員工卡差異？,"普通市民卡：

年齡在6~65歲之間設籍新竹市市民可免費申辦一張普通市民卡，可就近至本市各區區公所民政課申辦。已申請敬老卡、愛心卡者，無法再免費申辦普通市民卡。
管理單位為行政處、製卡單位為各區區公所民政課。

敬老卡、愛心卡：

年滿65歲長者或身心障礙人士（持有身心障礙手冊），應申請敬老卡或愛心卡，免再申請普通市民卡，符合上述資格者可檢附三個月內二吋彩色照片（請於照片背面填寫姓名）向本市各區區公所社政課辦理。
敬老卡及愛心卡每月有免費公車或計程車點數600點補助。
管理單位為社會處、製卡單位為各區區公所社政課。

員工卡：

本府所屬機關學校由本府核發之員工識別證。
管理及製卡單位為本府人事處。"
82,[市民卡]市民卡各卡別聯繫窗口?,"(一)普通市民卡： 
1.東區區公所(民政課)：03-5218231轉152或201（30041新竹市東區民族路40號） 
2.北區區公所(民政課)：03-5152525轉207或208（30050新竹市北區國華街69號3樓） 
3.香山區公所(民政課)：03-5307105轉202（30091新竹市牛埔路446號） 
4.卡片問題諮詢 新竹市政府(行政處資訊科)：03-5216121轉511（300新竹市中正路120號） 
(二)敬老卡、愛心卡： 
1.東區區公所(社政課)：03-5218231轉307（新竹市東區民族路40號） 
2.北區區公所(社政課)：03-5152525轉304（新竹市北區國華街69號3樓） 
3.香山區公所(社政課)：03-5307105轉301（新竹市牛埔路446號） 
4.新竹市政府社會處(社會救助與老人福利科)：03-5352386轉203、社會處(身心障礙福利科)：03-5352386轉502（新竹市中央路241號） 
(三)員工識別證： 新竹市政府（人事處）：03-5216121轉344（新竹市中正路120號） 
(四)悠遊卡公司： 
1.悠遊卡相關資訊查詢專線:02-26529988
2.客服專線：02-4128880。 
(五)相關網址： 
1.市民卡主題網：http://citycard.hccg.gov.tw/ 
2.悠遊卡公司官網：http://www.easycard.com.tw"
83,[市民卡]卡片鎖卡如何處理？?,"通常市民卡遭鎖卡常見原因有二種，說明如下：

搭乘大眾交通運輸工具（例如火車、捷運、公車等）時，通常上下車須要分別各刷一次才完成刷卡交易，常見民眾上車或入站刷卡，下車或出站卻忘記刷卡，導致市民卡遭鎖卡，此時只要持市民卡至該交通運輸公司服務櫃台完成繳費卡片即可解鎖。
民眾搭乘大眾交通運輸工具（例如火車、捷運、公車等）時，上車或入站刷卡時只要卡片餘額大於0元，即可正常刷卡上車或入站，下車或出站刷卡時如果卡片內應付餘額不足，但仍可在-60元以內的額度內正常刷卡下車或出站；但如果上車或入站刷卡時，卡片餘額在小於0元的情況下，卡片會遭鎖卡無法使用，此時必須先完成儲值且金額在大於0的情況下，卡片才會自動解鎖。"
84,[市民卡]敬老卡、愛心卡補助內容為何，點數錢包與現金錢包各有什麼功用？,"敬老卡、愛心卡由本府每月免費補助600點（1點即1元）至卡片「點數錢包」，提供搭乘市區公車或計程車之福利點數，其用途能搭乘新竹客運、苗栗客運、中壢客運、國光客運及金牌客運(不包含國道路線)及計程車(台灣大車隊、大都會車隊、紅帥衛星車隊、第一中華車隊)，計程車車身貼有敬老愛心計程車隊貼紙供辨識之用。

「現金錢包」則是由持卡人自行至全國貼有悠遊卡標誌的地點以現金加值，例如便利商店(7-ELEVEN、全家、萊爾富、OK超商)，可以當作一般悠遊卡做為小額消費電子付款用途。二種錢包在使用上各自獨立互不干擾。

持卡人在搭乘市區公車或計程車時，如當月600點「點數錢包」不夠用時，卡片會自動以「現金錢包」內之餘額扣款。"
85,[市民卡]卡片故障或損壞要如何處理？,"※因不可歸責於持卡人所致之故障：

普通市民卡：請攜帶異常市民卡及身分證明文件至本市各區(東區、北區、香山區)區公所(民政課)免費重製補發。
敬老卡或愛心卡：請攜帶異常卡片及身分證明文件至戶籍所在地之區公所(社政課)免費重製補發。
員工識別證：請攜帶異常卡片逕洽各單位人事辦理。

※如因可歸責於持卡人所致之故障或損壞，需補換新卡者，須收取卡片重製費用。"
86,[市民卡]領有敬老卡、愛心卡、數位學生證、員工識別證之市民，還需申辦(普通)市民卡嗎？,普通市民卡、本府員工識別證、敬老卡、愛心卡，均屬市民卡種類之一，享有市民卡同等功能，故已申請上述卡別之民眾，即不需再重複申辦（普通）市民卡，惟（普通）市民卡早先一步申辦者，仍可申辦上述其他卡別。
87,[市民卡]申請補換領「市民卡」費用為何？,"依新竹市市民卡補換領收費標準第二條，申請補換領新竹市市民卡，每張費用為新臺幣150元(適用普通市民卡及員工識別證)。
敬老卡及愛心卡由本府社會處主責，補卡費用每張為新臺幣100元整。"
88,[市民卡]卡片會被無預警消磁嗎？,市民卡是一張晶片感應式票卡，是利用切割磁力線的原理，以無線感應傳輸的方式完成交易，進而達到快速讀取晶片內容之目的，故與其他信用卡及金融卡放在一起時不會消磁，也不會相互干擾。市民卡具備「多卡不處理」的特性，若讀卡機同時間偵測到有兩張以上卡片，則不會對任一張卡片進行扣款；但有可能因持卡人使用悠遊卡感應的方式、速度或方向不同，而使得讀卡機完成一張的扣款後，短時間內又感應到同一個皮夾的另一張卡片，而發生重覆扣款，故請不要將兩張以上卡片放在同一個皮夾中感應。
89,[市民卡]申辦市民卡是否一定要貼附相片？,申辦「敬老卡」、「愛心卡」及「本府員工識別證」依規必須貼附相片，而申辦「普通市民卡」則可由申請人自行決定是否貼附相片。
90,[市民卡]新竹市市民卡申辦需攜帶哪些證件？,"普通市民卡：檢附身分證（或汽機車駕照及健保卡任一）及二吋彩色照片（民眾可自行選擇是否附照片，若要附照片者請張貼三個月內二吋彩色照片，並於照片背面填寫姓名）。如為委託代辦者，須另檢附委託書及雙方證件。如為14歲以下尚未領有身分證者（檢附健保卡），可檢附戶口名簿影本代替。
敬老卡：檢附身分證及三個月內二吋彩色照片（請於照片背面填寫姓名）向各區區公所社政課申辦。
愛心卡：檢附身分證、身心障礙手冊及三個月內二吋彩色照片（請於照片背面填寫姓名）向各區區公所社政課申辦。"
91,[市民卡]市民卡可否委託其他人代辦代領？,請親臨臨櫃提供相關佐證文件(如本人身分證、戶口名簿、戶籍謄本等可證明關係之文件)
92,[市民卡]申請新竹市市民卡之申請資格及申請地點?,"普通市民卡：適用6~65歲新竹市民，且尚未申辦其他種類市民卡之市民申辦，申辦可至本市各區(東區、北區、香山區)區公所(民政課)現場申辦領卡。
敬老卡：適用年滿65歲新竹市民申辦，申請可至本市各區區公所(社政課)現場辦理。
愛心卡：適用領有身心障礙手冊之新竹市民申辦，申請可至本市各區區公所(社政課)現場辦理。
員工識別證：任職新竹市政府暨所屬機關學校教職員工均可申請員工識別證，申請可逕洽各單位人事辦理。"
93,[市民卡]市民卡是否有使用期限?,"普通市民卡：有效期限預設為20年。
敬老卡及愛心卡：有效期限依卡別優惠期限為準，例如設籍新竹市持有敬老卡或愛心卡民眾，當戶籍遷出或死亡時，其敬老卡及愛心卡每月600點優惠即停止，故有效期限亦隨之結束。
員工識別證：有效期限為任職於本府所屬機關或學校期間，離職須繳回卡片。"
94,[市民卡]如新竹市民出國在外滿兩年未回國，被戶政機關「逕為遷出」者，可否申辦市民卡？,新竹市民如「逕為遷出」後，仍為本國國民，但尚未設籍於新竹市前，無法申請新竹市市民卡。請於歸國後辦理新竹市戶籍登記完成，始可申辦新竹市市民卡。
95,[市民卡]何謂『記名式』晶片悠遊卡，卡片中的個人資料是否有外洩之疑慮?,"根據金管會的要求，市民卡屬『記名式』晶片悠遊卡，在申請時必須向悠遊卡公司登錄個人聯絡資料，可以透過簡易身分查驗，並於掛失確認3小時後，電子錢包內剩餘金錢將由悠遊卡公司退還。若持卡人不同意提供記名資料給悠遊卡公司，則依金管會規定，悠遊卡公司將會關閉該卡片的電子錢包功能。因此，新竹市民若不欲提供個人資料給悠遊卡公司，則建議可暫勿申請市民卡。 市民卡採用的晶片悠遊卡並未寫入個人資料，僅根據該卡片的晶片序號作為持卡人代號，相關個人資料及服務權限皆放在後臺雲端服務系統，在讀卡時將透過後臺雲端服務系統查詢市民身分及查驗可提供的服務項目，因此不會有個人資料洩漏的疑慮。

※悠遊卡公司已通過英國標準協會BS 10012：PIMS個人資訊管理系統驗證，對於個人資料保護管理制度均能穩健運作，持卡人權益也能獲得保障，更是國內首家通過國際個資驗證的票證業者。"
96,[市民卡]新竹市市民卡遺失掛失或故障重製後，原消費使用的電子發票如何處理？,"如原先已於財政部電子發票整合服務平台（https://www.einvoice.nat.gov.tw/），以自然人憑證或手機條碼將市民卡進行「歸戶」動作，則市民卡遺失後仍可直接於財政部電子發票整合服務平台查詢所消費電子發票中獎資訊。
    
如果原先並未將市民卡卡號資訊歸戶於財政部電子發票整合服務平台中，則可撥打悠遊卡客服專線：412-8880(手機及金馬地區請加02)，由悠遊卡公司人員核對持卡人個人資訊進行身分驗證通過後，悠遊卡公司會提供「晶片碼」及「驗證碼」，持卡人可至便利超商多媒體服務機，查詢及列印中獎的紙本電子發票進行領獎。"
97,[市民卡]數位學生證是否尚可補發卡?,「數位學生證」(學生卡)前已於105學年度停止發行，補卡作業由教育處持續補發至110學年度結束，現行已不再進行發卡及補卡作業，如仍有數位學生證相關問題請洽本市教育處(03)5249617#9。
98,[市民卡]申辦新竹市民卡享有什麼優惠？,"持「敬老卡」、「愛心卡」者，可由本府補助600點搭乘公車或計程車福利(1點即1元）。
持市民卡可至本府合作之『市民卡特約商店』獲得購物或促銷活動優惠(請依本府公佈辦法實施)。
持市民卡做為借書證，可至新竹市公共圖書館借閱書籍，並享有「通閱通還」服務，免費借還閱其他館的圖書館藏（不含期刊、兒童圖書及視聽資料）。
持市民卡至本市動物園可享9折優惠。
持市民卡到本市南寮溫水游泳池可享8折優惠。"
99,[市民卡]市民卡可於哪些地點儲值(現金錢包)金額？,新竹市市民卡已結合悠遊卡功能，民眾可至全台有悠遊卡加值功能的地點進行金額儲值，例如四大便利超商（7-ELEVEN、全家、萊爾富、OK）、捷運各車站、臺鐵各站售票口或具有悠遊卡加值功能之POS機台等。
